LATITUDE,LONGITUDE,FORMATTED_DATE,AGE_LABEL,EXCAVATION_SITE,COUNTRY,SAMPLE_ID,WILD_DOMESTIC,DMRT3,PERIOD,REGION,COORD_CONFIDENCE,COORD_NOTE
52.23,17.8,5354 BC,5354 BC,Żegotki 5,Poland,Zeg2,W,C/C,Pre_Iron,Europe/Asia(minor),M,"Approximate - village in Wielkopolska region, Poland"
43.98,26.56,4300 BC,4300 BC,Pietrele,Romania,Pie05,W,C/C,Pre_Iron,Europe/Asia(minor),H,"Well-documented Copper Age site on Danube, Romania"
43.98,26.56,4300 BC,4300 BC,Pietrele,Romania,Pie06,W,C/C,Pre_Iron,Europe/Asia(minor),H,"Well-documented Copper Age site on Danube, Romania"
46.45,30.75,3600 BC,3600-3100 BC,Mayaki,Ukraine,May1,W,C/C,Pre_Iron,Europe/Asia(minor),M,"Known Tripolye culture site near Odessa, Ukraine"
51.77,11.18,3100 BC,3100-2700 BC,"Westerhausen, HK",Germany,Wes1,D,C/C,Pre_Iron,Europe/Asia(minor),H,"Known site near Quedlinburg, Saxony-Anhalt, Germany"
51.77,11.18,3100 BC,3100-2700 BC,"Westerhausen, HK",Germany,Wes2,D,C/C,Pre_Iron,Europe/Asia(minor),H,"Known site near Quedlinburg, Saxony-Anhalt, Germany"
55.9,76.6,1600 BC,1600-1200 BC,Tartas1,Siberia,Tar01,D,C/C,Pre_Iron,Asia,L,Siberia is vast; placed in Novosibirsk Oblast region - verify
55.9,76.6,1600 BC,1600-1200 BC,Tartas1,Siberia,Tar05,D,C/C,Pre_Iron,Asia,L,Siberia is vast; placed in Novosibirsk Oblast region - verify
55.9,76.6,1600 BC,1600-1200 BC,Tartas1,Siberia,Tar07,D,C/C,Pre_Iron,Asia,L,Siberia is vast; placed in Novosibirsk Oblast region - verify
51.12,11.1,2200 BC,2200-1600 BC,Schloßvippach (Fpl.,Germany,Svi6,D,C/C,Pre_Iron,Europe/Asia(minor),H,"Known Bell Beaker site in Thuringia, Germany"
40.8,44.49,1950 BC,1950 BC,Lori-Berd,Georgia,Lor1,D,C/C,Pre_Iron,Europe/Asia(minor),H,Well-known Bronze Age fortress site in Armenia/Georgia border
46.98,18.93,1600 BC,1600-1300 BC,Dunaújváros-Koszider,Hungary,DuK2,D,C/C,Pre_Iron,Europe/Asia(minor),H,Well-known city in Hungary with excavation history
47.99,21.08,2200 BC,2200-1600 BC,Tiszalúc-Dankadomb,Hungary,TiD2,D,C/C,Pre_Iron,Europe/Asia(minor),H,"Known site in Borsod county, Hungary"
47.1,28.6,1500 BC,1500-1000 BC,Miciurin,Moldova,Mic1,D,C/C,Pre_Iron,Europe/Asia(minor),L,"Approximate - small village in Moldova, verify exact dig coords"
47.1,28.6,1500 BC,1500-1000 BC,Miciurin,Moldova,Mic2,D,C/C,Pre_Iron,Europe/Asia(minor),L,"Approximate - small village in Moldova, verify exact dig coords"
52.12,16.98,2200 BC,2200-1600 BC,Bruszczewo Fpl. 5,Poland,Bru4,D,C/C,Pre_Iron,Europe/Asia(minor),M,"Known Bronze Age site in Poznań area, Poland"
45.9,27.8,1500 BC,1500-1000 BC,Garbovat,Romania,Gar3,D,C/C,Pre_Iron,Europe/Asia(minor),L,"Approximate - small locality in Romania, verify"
48.24,18.31,2200 BC,2200-1600 BC,Vrable,Slovakia,Vra2,D,C/C,Pre_Iron,Europe/Asia(minor),H,"Known Neolithic site in Nitra region, Slovakia"
39.1,-9.21,2600 BC,2600-2200 BC,Zambujal,Portugal,Zam09,D,C/C,Pre_Iron,Iberia,H,"Well-documented Chalcolithic site near Torres Vedras, Portugal"
37.9,-3.7,2861 BC,2861 BC,Camino de las,Spain,CdY2,D,C/C,Pre_Iron,Iberia,L,Incomplete site name - coordinates are regional estimate for Andalusia
38.8,-1.9,2200 BC,2200-800 BC,El Acequion,Spain,Sp-39,D,C/C,Pre_Iron,Iberia,M,"Known Bronze Age site in Albacete province, Spain"
39.86,116.28,0905 BC,905-800 BC,Fengtai,China,Fen1,D,C/C,Iron Age,Asia,H,"Known district in Beijing, China with archaeological finds"
39.86,116.28,1000 BC,1000-800 BC,Fengtai,China,Fen4,D,C/C,Iron Age,Asia,H,"Known district in Beijing, China with archaeological finds"
49.5,101.0,0400 BC,400-300 BC,Olon-Kurin-Gol 10,Mongolia,OKG1,D,C/C,Iron Age,Asia,M,Known Xiongnu site in Mongolian Altai - regional estimate
49.5,101.0,0400 BC,400-300 BC,Olon-Kurin-Gol 10,Mongolia,OKG2,D,C/C,Iron Age,Asia,M,Known Xiongnu site in Mongolian Altai - regional estimate
52.0,93.8,0800 BC,800 BC,Arzan1,Siberia,Arz1-2,D,C/C,Iron Age,Asia,M,"Known Scythian kurgan in Tuva Republic, Siberia"
52.0,93.8,0800 BC,800 BC,Arzan1,Siberia,Arz1-3,D,C/C,Iron Age,Asia,M,"Known Scythian kurgan in Tuva Republic, Siberia"
52.0,93.8,0619 BC,619-608 BC,Arzan2,Siberia,Arz2-01,D,C/C,Iron Age,Asia,M,"Known Scythian kurgan in Tuva Republic, Siberia"
52.0,93.8,0619 BC,619-608 BC,Arzan2,Siberia,Arz2-02,D,C/C,Iron Age,Asia,M,"Known Scythian kurgan in Tuva Republic, Siberia"
52.0,93.8,0619 BC,619-608 BC,Arzan2,Siberia,Arz2-06,D,C/C,Iron Age,Asia,M,"Known Scythian kurgan in Tuva Republic, Siberia"
52.0,93.8,0619 BC,619-608 BC,Arzan2,Siberia,Arz2-07,D,C/C,Iron Age,Asia,M,"Known Scythian kurgan in Tuva Republic, Siberia"
52.0,93.8,0619 BC,619-608 BC,Arzan2,Siberia,Arz2-08,D,C/C,Iron Age,Asia,M,"Known Scythian kurgan in Tuva Republic, Siberia"
52.0,93.8,0619 BC,619-608 BC,Arzan2,Siberia,Arz2-09,D,C/C,Iron Age,Asia,M,"Known Scythian kurgan in Tuva Republic, Siberia"
52.0,93.8,0619 BC,619-608 BC,Arzan2,Siberia,Arz2-12,D,C/C,Iron Age,Asia,M,"Known Scythian kurgan in Tuva Republic, Siberia"
52.0,93.8,0619 BC,619-608 BC,Arzan2,Siberia,Arz2-13,D,C/C,Iron Age,Asia,M,"Known Scythian kurgan in Tuva Republic, Siberia"
52.0,93.8,0619 BC,619-608 BC,Arzan2,Siberia,Arz2-14,D,C/C,Iron Age,Asia,M,"Known Scythian kurgan in Tuva Republic, Siberia"
50.5,4.47,0900 BC,900 BC – 300 AD,Object'ifs sud,Belgium,Ois1,D,C/C,Iron Age,Europe/Asia(minor),L,"Unclear site name - placed at Belgium centroid, verify"
55.68,12.57,0001 AD,1-400 AD,Hornborg,Denmark,P098,D,C/C,Iron_Age,Europe/Asia(minor),L,Small locality in Denmark - approximate
55.57,12.3,2490 BC,2490 AD,Køge Bugt udfor,Denmark,P108,D,C/C,Iron Age,Europe/Asia(minor),H,"Known bay south of Copenhagen, Denmark"
58.43,22.59,0700 BC,700-500 BC,"Asva (Saaremaa Island,",Estonia,Asva1,D,C/C,Iron Age,Europe/Asia(minor),H,"Well-known Bronze Age site on Saaremaa Island, Estonia"
58.83,23.37,0800 BC,800-600 BC,Ridala (Saaremaa,Estonia,Rid1,D,C/C,Iron Age,Europe/Asia(minor),H,"Known parish on Saaremaa Island, Estonia"
58.83,23.37,0800 BC,800-600 BC,Ridala (Saaremaa,Estonia,Rid2,D,C/C,Iron Age,Europe/Asia(minor),H,"Known parish on Saaremaa Island, Estonia"
56.45,9.4,1000 AD,1000-1300 AD,Viborg Søndersø,Denmark,P82,D,C/C,Medieval,Europe/Asia(minor),H,"Known lake site in Viborg, Denmark"
53.96,-1.08,0850 AD,850-900 AD,"York, Coppergate",England,Yat07,D,A/A,Medieval,Europe/Asia(minor),H,"Coppergate is a well-known Viking-era excavation in York, England"
53.96,-1.08,0850 AD,850-900 AD,"York, Coppergate",England,Yat12,D,A/A,Medieval,Europe/Asia(minor),H,"Coppergate is a well-known Viking-era excavation in York, England"
57.86,26.5,0600 AD,600-1300 AD,Otepää,Estonia,Ote1,D,C/C,Medieval,Europe/Asia(minor),H,"Known town in Valga County, Estonia"
57.86,26.5,0600 AD,600-1300 AD,Otepää,Estonia,Ote2,D,C/C,Medieval,Europe/Asia(minor),H,"Known town in Valga County, Estonia"
58.52,22.98,0900 AD,900-1300 AD,Pöide hillfort,Estonia,Poi1,D,C/C,Medieval,Europe/Asia(minor),H,"Known hillfort on Saaremaa Island, Estonia"
58.6,26.9,0600 AD,600-1100 AD,Saadjärve,Estonia,Saa1,D,C/C,Medieval,Europe/Asia(minor),M,"Known lake area in Tartu County, Estonia - approximate"
58.6,24.5,0900 AD,900-1300 AD,Soontagana,Estonia,Soo1,D,C/C,Medieval,Europe/Asia(minor),M,"Known hillfort in Pärnu County, Estonia - approximate"
58.6,24.5,0900 AD,900-1300 AD,Soontagana,Estonia,Soo2,D,C/C,Medieval,Europe/Asia(minor),M,"Known hillfort in Pärnu County, Estonia - approximate"
51.93,10.85,0400 AD,400-600 AD,Deersheim,Germany,Dee47,D,C/C,Medieval,Europe/Asia(minor),H,"Known Migration period site in Saxony-Anhalt, Germany"
51.79,11.15,0400 AD,400-600 AD,Quedlinburg,Germany,Que40,D,C/C,Medieval,Europe/Asia(minor),H,"Well-known medieval town in Saxony-Anhalt, Germany"
51.4,12.0,0400 AD,400-600 AD,Zorbau,Germany,Zor3,D,C/C,Medieval,Europe/Asia(minor),M,"Small locality in Saxony-Anhalt, Germany - approximate"
53.3,11.5,0400 AD,400-600 AD,Zwebendorf,Germany,Zwe2,D,C/C,Medieval,Europe/Asia(minor),L,"Very small locality - coordinates are rough estimate, verify"
65.0,-18.5,0850 AD,850-1050 AD,Hrossbrein frá Garðsá,Iceland,FoEq02,D,A/A,Medieval,Europe/Asia(minor),L,"Burial site in Iceland - regional estimate, verify against registry"
65.97,-18.52,0850 AD,850-1050 AD,Dalvík (Brimnes),Iceland,FoEq09,D,A/A,Medieval,Europe/Asia(minor),H,Known town in northern Iceland
65.6,-20.8,0850 AD,850-1050 AD,6948 Núpar hjá,Iceland,FoEq25,D,A/A,Medieval,Europe/Asia(minor),L,"Farm/burial site - Iceland regional estimate, verify"
63.8,-18.0,0850 AD,850-1050 AD,"Ytra-Garðshorn, 7th",Iceland,FoEq42,D,A/A,Medieval,Europe/Asia(minor),L,"Farm burial site in Iceland - regional estimate, verify"
63.8,-18.0,0850 AD,850-1050 AD,"Ytra-Garðshorn, 9th",Iceland,FoEq44,D,C/C,Medieval,Europe/Asia(minor),L,"Farm burial site in Iceland - regional estimate, verify"
63.8,-18.0,0850 AD,850-1050 AD,"Ytra-Garðshorn, 10th",Iceland,FoEq47,D,A/A,Medieval,Europe/Asia(minor),L,"Farm burial site in Iceland - regional estimate, verify"
63.8,-18.0,0850 AD,850-1050 AD,"Ytra-Garðshorn, 10th",Iceland,FoEq48,D,A/A,Medieval,Europe/Asia(minor),L,"Farm burial site in Iceland - regional estimate, verify"
65.2,-20.1,0850 AD,850-1050 AD,Brandsstaðir í,Iceland,FoEq52,D,A/A,Medieval,Europe/Asia(minor),L,"Farm burial site in Iceland - regional estimate, verify"
64.1,-21.0,0850 AD,850-1050 AD,11338A Hemla,Iceland,FoEq60,D,C/C,Medieval,Europe/Asia(minor),L,"Burial site in Iceland - regional estimate, verify"
64.1,-21.0,0850 AD,850-1050 AD,11338B Hemla,Iceland,FoEq65,D,C/A,Medieval,Europe/Asia(minor),L,"Burial site in Iceland - regional estimate, verify"
63.9,-19.9,0850 AD,850-1050 AD,Mörk #15,Iceland,FoEq66,D,C/A,Medieval,Europe/Asia(minor),L,"Farm in Landmannahreppur, Iceland - regional estimate"
63.95,-22.3,0850 AD,850-1050 AD,Ytri-Neslönd 1960-46,Iceland,FoEq68,D,C/C,Medieval,Europe/Asia(minor),L,"Farm burial site in Iceland - regional estimate, verify"
63.87,-21.05,0850 AD,850-1050 AD,Eyrarteigur 1995-358,Iceland,FoEq71,D,C/A,Medieval,Europe/Asia(minor),L,"Burial site in Iceland - regional estimate, verify"
64.4,-21.5,0850 AD,850-1050 AD,Miðsandfell 1982-57.,Iceland,FoEq76,D,C/A,Medieval,Europe/Asia(minor),L,"Farm burial site in Iceland - regional estimate, verify"
64.4,-21.5,0850 AD,850-1050 AD,Miðsandfell 1982-57.,Iceland,FoEq77,D,C/A,Medieval,Europe/Asia(minor),L,"Farm burial site in Iceland - regional estimate, verify"
48.41,20.62,0700 AD,700-800 AD,Sebastovce,Slovakia,Seb037,D,C/C,Medieval,Europe/Asia(minor),H,"Known Avar-period cemetery in Košice region, Slovakia"
48.41,20.62,0700 AD,700-800 AD,Sebastovce,Slovakia,Seb048,D,C/C,Medieval,Europe/Asia(minor),H,"Known Avar-period cemetery in Košice region, Slovakia"
48.41,20.62,0700 AD,700-800 AD,Sebastovce,Slovakia,Seb052,D,C/C,Medieval,Europe/Asia(minor),H,"Known Avar-period cemetery in Košice region, Slovakia"
48.41,20.62,0700 AD,700-800 AD,Sebastovce,Slovakia,Seb058,D,C/C,Medieval,Europe/Asia(minor),H,"Known Avar-period cemetery in Košice region, Slovakia"
48.41,20.62,0700 AD,700-800 AD,Sebastovce,Slovakia,Seb080,D,C/C,Medieval,Europe/Asia(minor),H,"Known Avar-period cemetery in Košice region, Slovakia"
48.41,20.62,0700 AD,700-800 AD,Sebastovce,Slovakia,Seb093,D,C/C,Medieval,Europe/Asia(minor),H,"Known Avar-period cemetery in Košice region, Slovakia"
48.41,20.62,0700 AD,700-800 AD,Sebastovce,Slovakia,Seb094,D,C/C,Medieval,Europe/Asia(minor),H,"Known Avar-period cemetery in Košice region, Slovakia"
48.41,20.62,0700 AD,700-800 AD,Sebastovce,Slovakia,Seb099,D,C/C,Medieval,Europe/Asia(minor),H,"Known Avar-period cemetery in Košice region, Slovakia"
48.41,20.62,0700 AD,700-800 AD,Sebastovce,Slovakia,Seb131,D,C/C,Medieval,Europe/Asia(minor),H,"Known Avar-period cemetery in Košice region, Slovakia"
48.41,20.62,0700 AD,700-800 AD,Sebastovce,Slovakia,Seb161,D,C/C,Medieval,Europe/Asia(minor),H,"Known Avar-period cemetery in Košice region, Slovakia"
48.41,20.62,0700 AD,700-800 AD,Sebastovce,Slovakia,Seb230,D,C/C,Medieval,Europe/Asia(minor),H,"Known Avar-period cemetery in Košice region, Slovakia"
48.41,20.62,0700 AD,700-800 AD,Sebastovce,Slovakia,Seb233,D,C/C,Medieval,Europe/Asia(minor),H,"Known Avar-period cemetery in Košice region, Slovakia"
48.41,20.62,0700 AD,700-800 AD,Sebastovce,Slovakia,Seb238,D,C/C,Medieval,Europe/Asia(minor),H,"Known Avar-period cemetery in Košice region, Slovakia"
59.86,17.63,0600 AD,600-800 AD,Uppsala,Sweden,Upps01,D,C/C,Medieval,Europe/Asia(minor),H,"Well-known city and major archaeological site, Sweden"
59.86,17.63,0600 AD,600-800 AD,Uppsala,Sweden,Upps02,D,C/C,Medieval,Europe/Asia(minor),H,"Well-known city and major archaeological site, Sweden"
59.86,17.63,0600 AD,600-800 AD,Uppsala,Sweden,Upps03,D,C/C,Medieval,Europe/Asia(minor),H,"Well-known city and major archaeological site, Sweden"
59.86,17.63,0680 AD,680-890 AD,Uppsala,Sweden,Upps04,D,C/C,Medieval,Europe/Asia(minor),H,"Well-known city and major archaeological site, Sweden"
59.86,17.63,1000 AD,1000-1150 AD,Uppsala,Sweden,Upps05,D,C/C,Medieval,Europe/Asia(minor),H,"Well-known city and major archaeological site, Sweden"
59.86,17.63,0870 AD,870-1160 AD,Uppsala,Sweden,Upps07,D,C/C,Medieval,Europe/Asia(minor),H,"Well-known city and major archaeological site, Sweden"
59.86,17.63,0800 AD,800-1050 AD,Uppsala,Sweden,Upps10,D,C/C,Medieval,Europe/Asia(minor),H,"Well-known city and major archaeological site, Sweden"
40.42,-3.7,0500 AD,500-600 AD,Buzanca 2 (Madrid),Spain,Buz1,D,C/C,Medieval,Iberia,M,Madrid region Visigothic cemetery - approximate
41.7,-4.72,0660 AD,660 - 780 AD,Mucientes-Valladolid,Spain,Sp-29,D,C/C,Medieval,Iberia,H,"Known village in Valladolid province, Spain"